https://chefsimon.com/gourmets/chef-simon/recettes/croissants-et-pains-au-chocolat-decoupe-et-cuisson,"Préchauffez le four à 250° et quand vous remarquez que vos Viennoiseries ont bien poussé, placez la plaque au four et baisser le four à 180°C et cuisez 20 minutes.",250
https://www.marmiton.org/recettes/recette_croissants-au-beurre-maison_41321.aspx,"Etape 6 : cuisson 12 à 15 minutes		

			Quand les croissant ont bien gonflé, les enfourner à 240°C (thermostat 8) pendant 12 à 15 minutes.",240
https://cuisine.journaldesfemmes.fr/recette/305677-croissants-au-beurre,"Pour finir
                                        Préchauffer le four (220/230°C environ), enfourner et cuire 12 à 15 minutes.",220
https://www.iletaitunefoislapatisserie.com/2014/02/les-croissants-maison.html,"Vous avez un caractère de fer et vous êtes capable d'attendre demain pour goûter à vos croissants : laissez-les pousser doucement toute la nuit au frigo, vous les cuirez juste avant le petit-déjeuner :)





Préchauffez votre four à 200°C.",200
http://www.mylittlerecettes.com/cap-patissier-croissants-pate-levee-feuilletee/,"Côté four, c’est un four électrique à chaleur tournante et pareil que vous, 15 à 20 min à 200°C.",200
https://fr.wikibooks.org/wiki/Livre_de_cuisine/Croissant,Faire cuire les croissants au milieu du four préchauffé au thermostat 8 (240°C) pendant 5 minutes.,240
https://www.aufeminin.com/recettes/les-croissants-s641549.html,Préchauffer le four à 220°C (thermostat 7-8).,220
https://www.delifrance.com/fr/nos-conseils/Remise_en_oeuvre_viennoiserie,"Recherche :

Rechercher










 







REMISE EN OEUVRE VIENNOISERIE


VIENNOISERIES PRÊTES À CUIRE
Etape 1 : préchauffer le four à 170°C (190°C pour les chaussons).",170
https://cuisine-facile.com/four/recette-croissants.php,Préchauffez votre four à 200°C (390°F).,200
http://patisphere.canalblog.com/archives/2017/02/20/34960973.html,Cuisson :- 170°C en four ventilé ou 200~220°C en four à sole.,170
https://www.patisserie-gourmande.fr/astuces/conseils-brioches-viennoiseries,"Vous pouvez les réchauffer au four 5 min à 160°C, si vous voulez les déguster le lendemain.",160
https://scally.typepad.com/cest_moi_qui_lai_fait/2013/05/,Préchauffez votre four à 200°C.,200
https://arhoma.ca/general/comment-cuire-nos-viennoiseries-congelees,"Une fois les viennoiseries levées (vous jugerez selon la grosseur désirée), mettre au four à 190°C-375°F et cuire pendant 13 à 20 minutes ou jusqu’à une belle couleur dorée.",190
https://www.chefnini.com/croissants-test-2/,Faites préchauffer votre four à 220°C et enfournez pour 10 à 12 min.,220
https://www.transgourmet.fr/livraison/transgourmet/nos-partenaires/eclat-du-terroir/croissant-beurre-fin-pret-cuire,"Durée de vie totale du produit : 270 jours
 











Mode d'emploi




Décongélation : 30 minutes à température ambiante
Cuisson (en four ventilé) : environ 13 min à 170°C
Nota : chaque four a ses propres caractéristiques.",270
https://www.picard.fr/produits/8-croissants-pur-beurre-beurre-charentes-000000000000082205.html,"Pourquoi attendre le week-end ? *AOP : Appellation d’Origine Protégée
            
        










        Informations détaillées
    



                mode d'emploi
            





            Modes de préparation
        





                                Cuisson
                                


















Au four
Cuisson






                                            Cuisson au four pendant
                                        
                                        18 min
                                    


                                Préchauffez votre four à 180°C (th.",180
http://www.ciciyapatisserieandco.com/2018/04/recette-viennoiseries-n-2-feuilletage-topissime.html,"Préchauffer votre four à 200°C


 


Dorer vos viennoiseries avec un mélange jaune d'oeuf délayé avec un petit peu de lait entier.",200
https://www.cuisineaz.com/recettes/mini-croissants-au-jambon-23576.aspx,Préchauffez le four à 220°C.,220
https://planetezerodechet.fr/recette-croissants-beurre-maison-etapes/,Enfournez les croissants à four chaud à 180°C (pour un four à convection – le mieux) ou à 200°C (pour un four statique) pendant 18 minutes sur la grille du milieu.,180
http://lafolleaventuredemelanie.over-blog.com/2013/12/le-croissant-et-le-pain-au-chocolat-cap-p%C3%A2tissier.html,Préchauffer le four : thermostat 200°C.,200
https://www.quelquesgrammesdegourmandise.com/croissants-de-philippe-conticini/,Cuisson des croissantsPréchauffer le four à 230°C.,230
"https://www.marieclaire.fr/cuisine/comment-reussir-un-croissant,1221124.asp","Avant de les enfourner à 220°C pendant 15 minutes, on badigeonne les croissants d’un mélange de lait et de jaune d’oeuf battu.",220
https://www.elle-et-vire.com/pro/en/recettes/boulangerie-patisserie/croissant-1/,"Enrouler les croissants, laisser pousser 2 h à 24 /25°C, dorer au
pinceau et cuire au four ventilé à 170°C pendant environ 20 min.",170
https://www.lexpress.fr/styles/saveurs/recette/recette-de-la-chocolatine-de-la-patisserie-cyril-lignac_1951730.html,Préchauffez votre four à 180°C (th.,180
https://www.patisserie-traditionnelle.com/bases-cap-patisserie/plf/,"Il faut que la pointe finale se trouve sous le
    croissant  ainsi il ne se déroulera pas lors de la cuisson (Photo 30)





Il est possible de mettre à l’intérieure un bout de pâte découpée des bords afin d'obtenir plus de mie dans le croissant après la cuisson (Photo 28)
 
Photo 27 


Photo 28 


Photo 29 





 



 



 


                            Photo 30




    Façonner les pains au chocolat (Photo 30, 31, 32 et 33)
 
Photo 30 


Photo 31 


Photo 32 





 



 



 


                                    Photo 33




    Mettre sur plaques et laisser pousser (deuxième fermentation) 1h 30 à température ambiante (recouvrir d'un film alimentaire ou d'un pour éviter le dessèchement)


    Dorer au jaune d'ouef


    Cuisson à 170 C 18 minutes.",170
https://www.femmeactuelle.fr/cuisine/guides-cuisine/croissant-pain-au-chocolat-brioche-comment-redonner-de-la-fraicheur-a-la-viennoiserie-2089322,"Avec cette méthode, vous ne serez pas obligé de sortir toutes vos viennoiseries si vous ne voulez qu'un seul chausson aux pommes par exemple !Comment réchauffer les viennoiseries ?Pour les viennoiseries de la veille que vous avez conservé à l'abri de l'air, vous pouvez les réchauffer au four, pendant 5 minutes à 160°C.",160
"https://www.thiriet.com/produits/pains_viennoiseries/8_croissants_pur_beurre,163,1139.html?&args=Y29tcF9pZD0xNTUmYWN0aW9uPWZpY2hlJmlkPSZ8&vars=cHJvZHVpdF9pZD04OTUyMA%3D%3D","Méthode préconisée par nos chefs
Four à chaleur tournante  15 à 16 minutes
Préchauffez votre four à 180°C (Th 6).",180
http://vanille-et-citron.fr/index.php/2019/07/28/pate-a-croissants/,"Pour la cuisson, j’enfourne à 190 °C, et je fais cuire à 175°C pendant 20 minutes.",190
https://www.swissmilk.ch/fr/recettes-idees/recettes/LM201004_60/croissants-au-jambon/,Cuire les croissants 15-20 min au milieu du four préchauffé à 220°C.,220
http://webtv.ac-versailles.fr/restauration/Pate-levee-feuilletee-croissants-pains-au-chocolat,Cuire au four ventilé à 170°C pendant environ 20 min.,170
https://www.atelierdeschefs.fr/fr/cours-en-ligne/1333-croissant-aux-amandes.php,"La cuissonPréchauffer le four à 180°C 
Enfourner pendant 12 à 15 minutes, jusqu'à ce que la crème d'amande soit prise et dorée.",180
http://www.dauphingourmet.com/article-croissants-au-beurre-38437695.html,"Préchauffer le four (220/230°C environ), enfourner et cuire 12 à 15 minutes.",220
https://lacuisinedethomas.fr/recettes/croissants-beurre-christophe-felder/,Préchauffer le four à 180°C en chaleur tournante.,180
https://www.gourmandpastries.com/fr/produits/croissants-nature/croissant-au-beurre/66,"Matière grasse:   22% Beurre 
Poids: 67 g
 Décor:   -
Nombre par boîte: 80 (2x40)
Poids par boîte: 5,36 kg
Nombre par palette: 64
Décongeler et cuire
Temps de décongélation: 30 min 
Température de cuisson:  180°C 
Temps de cuisson: 18 - 20 min                                                                    

Directement au four
Température de cuisson:  165°C
Temps de cuisson: 20 - 25 min                                                                    

















 




 




             
        

 Demander des informations à ce sujet  Croissant au Beurre 
Remplissez le formulaire avec vos coordonnées pour recevoir des informations sur ce produit

Vos données





Choisir le type
Supermarché
Foodservice
Boulanger
Distributeur
Consommateur
Autres





  J'ai lu et approuvé Déclaration de confidentialité .",180
http://lacuisinedelilou92.over-blog.com/article-recettes-et-utilisation-du-croissant-party-tupperware-43807030.html,"Dorez-les avec 1 jaune d'oeuf délayé dans 15ml d'eau et faites-les cuire dan le four préchauffé, 20 mn environ, Th 6/7 ou 190°C.",190
http://www.laets-bake-it.fr/blog/comment-faire-ses-croissants-pur-beurre-soi-meme,"CUISSON
Lorsqu’ils ont doublé de volume, préchauffez votre four à 170°C (chaleur tournante).",170
